undp_alm;;Non-specific
undp_alm;Afghanistan;Afghanistan
undp_alm;Albania;Albania
undp_alm;Algeria;Algeria
undp_alm;Angola;Angola
undp_alm;Antigua and Barbuda;Antigua and Barbuda
undp_alm;Argentina;Argentina
undp_alm;Armenia;Armenia
undp_alm;Azerbaijan;Azerbaijan
undp_alm;Bangladesh;Bangladesh
undp_alm;Barbados;Barbados
undp_alm;Belize;Belize
undp_alm;Benin;Benin
undp_alm;Bhutan;Bhutan
undp_alm;Bolivia;Bolivia
undp_alm;Botswana;Botswana
undp_alm;Brazil;Brazil
undp_alm;Bulgaria;Bulgaria
undp_alm;Burkina Faso;Burkina Faso
undp_alm;Burundi;Burundi
undp_alm;Cambodia;Cambodia
undp_alm;Cape Verde;Cape Verde
undp_alm;Central African Republic;Central African Republic
undp_alm;Chad;Chad
undp_alm;Chile;Chile
undp_alm;China;China
undp_alm;Colombia;Colombia
undp_alm;Comoros;Comoros
undp_alm;Cook Islands;Cook Islands
undp_alm;Costa Rica;Costa Rica
undp_alm;Cote d'Ivoire;Ivory Coast
undp_alm;Cuba;Cuba
undp_alm;Democratic Republic of the Congo;Democratic Republic of Congo
undp_alm;Djibouti;Djibouti
undp_alm;Dominica;Dominica
undp_alm;Dominican Republic;Dominican Republic
undp_alm;Ecuador;Ecuador
undp_alm;Egypt;Egypt
undp_alm;El Salvador;El Salvador
undp_alm;Eritrea;Eritrea
undp_alm;Ethiopia;Ethiopia
undp_alm;Fiji;Fiji
undp_alm;Gabon;Gabon
undp_alm;Gambia;The Gambia
undp_alm;Georgia;Georgia
undp_alm;Ghana;Ghana
undp_alm;Grenada;Grenada
undp_alm;Guatemala;Guatemala
undp_alm;Guinea;Republic of Guinea
undp_alm;Guinea-Bissau;Guinea-Bissau
undp_alm;Guyana;Guyana
undp_alm;Haiti;Haiti
undp_alm;Honduras;Honduras
undp_alm;Hungary;Hungary
undp_alm;India;India
undp_alm;Indonesia;Indonesia
undp_alm;Iran (Islamic Republic of);Iran
undp_alm;Jamaica;Jamaica
undp_alm;Jordan;Jordan
undp_alm;Kazakhstan;Kazakhstan
undp_alm;Kenya;Kenya
undp_alm;Kiribati;Kiribati
undp_alm;Kyrgyzstan;Kyrgyzstan
undp_alm;Lao People's Democratic Republic;Laos
undp_alm;Lebanon;Lebanon
undp_alm;Lesotho;Lesotho
undp_alm;Liberia;Liberia
undp_alm;Malawi;Malawi
undp_alm;Malaysia;Malaysia
undp_alm;Maldives;Maldives
undp_alm;Mali;Mali
undp_alm;Malta;Malta
undp_alm;Marshall Islands;Marshall Islands
undp_alm;Mauritania;Mauritania
undp_alm;Mauritius;Mauritius
undp_alm;Mexico;Mexico
undp_alm;Micronesia;Non-specific
undp_alm;Micronesia (Federated States of);Federated States of Micronesia
undp_alm;Mongolia;Mongolia
undp_alm;Montenegro;Montenegro
undp_alm;Morocco;Morocco
undp_alm;Mozambique;Mozambique
undp_alm;Myanmar;Myanmar
undp_alm;Namibia;Namibia
undp_alm;Nauru;Nauru
undp_alm;Nepal;Nepal
undp_alm;Nicaragua;Nicaragua
undp_alm;Niger;Niger
undp_alm;Nigeria;Nigeria
undp_alm;Niue;Niue
undp_alm;Pakistan;Pakistan
undp_alm;Palau;Palau
undp_alm;Panama;Panama
undp_alm;Papua New Guinea;Papua New Guinea
undp_alm;Paraguay;Paraguay
undp_alm;Peru;Peru
undp_alm;Philippines;Philippines
undp_alm;Republic of Moldova;Moldova
undp_alm;Rwanda;Rwanda
undp_alm;Saint Kitts and Nevis;Saint Kitts and Nevis
undp_alm;Saint Lucia;St. Lucia
undp_alm;Saint Vincent and the Grenadines;Saint Vincent and the Grenadines
undp_alm;Samoa;Samoa
undp_alm;Sao Tome and Principe;Sao Tome and Principe
undp_alm;Saudi Arabia;Saudi Arabia
undp_alm;Senegal;Senegal
undp_alm;Serbia;Serbia
undp_alm;Seychelles;Seychelles
undp_alm;Sierra Leone;Sierra Leone
undp_alm;Solomon Islands;Solomon Islands
undp_alm;South Africa;South Africa
undp_alm;Sri Lanka;Sri Lanka
undp_alm;Sudan;Sudan
undp_alm;Suriname;Suriname
undp_alm;Swaziland;Swaziland
undp_alm;Syrian Arab Republic;Syria
undp_alm;Tajikistan;Tajikistan
undp_alm;Thailand;Thailand
undp_alm;The former Yugoslav Republic of Macedonia;Macedonia
undp_alm;Timor-Leste;Timor-Leste
undp_alm;Togo;Togo
undp_alm;Tokelau;Tokelau
undp_alm;Tonga;Tonga
undp_alm;Tunisia;Tunisia
undp_alm;Turkey;Turkey
undp_alm;Turkmenistan;Turkmenistan
undp_alm;Tuvalu;Tuvalu
undp_alm;Uganda;Uganda
undp_alm;Ukraine;Ukraine
undp_alm;United Republic of Tanzania;Tanzania
undp_alm;Uruguay;Uruguay
undp_alm;Uzbekistan;Uzbekistan
undp_alm;Vanuatu;Vanuatu
undp_alm;Viet Nam;Vietnam
undp_alm;Yemen;Yemen
undp_alm;Zambia;Zambia
undp_alm;Zimbabwe;Zimbabwe
cigrasp;;Non-specific
cigrasp;Algeria;Algeria
cigrasp;Bangladesh;Bangladesh
cigrasp;Benin;Benin
cigrasp;Bolivia;Bolivia
cigrasp;Brazil;Brazil
cigrasp;Burkina Faso;Burkina Faso
cigrasp;Burundi;Burundi
cigrasp;Cambodia;Cambodia
cigrasp;Chile;Chile
cigrasp;China;China
cigrasp;Costa Rica;Costa Rica
cigrasp;Denmark;Denmark
cigrasp;Djibouti;Djibouti
cigrasp;Dominica;Dominica
cigrasp;Egypt;Egypt
cigrasp;Ethiopia;Ethiopia
cigrasp;Fiji;Fiji
cigrasp;Germany;Germany
cigrasp;Ghana;Ghana
cigrasp;Grenada;Grenada
cigrasp;Guatemala;Guatemala
cigrasp;Guyana;Guyana
cigrasp;Haiti;Haiti
cigrasp;Honduras;Honduras
cigrasp;India;India
cigrasp;Indonesia;Indonesia
cigrasp;Jamaica;Jamaica
cigrasp;Kenya;Kenya
cigrasp;Laos;Laos
cigrasp;Latvia;Latvia
cigrasp;Liberia;Liberia
cigrasp;Marshall Islands;Marshall Islands
cigrasp;Mauritania;Mauritania
cigrasp;Mexico;Mexico
cigrasp;Morocco;Morocco
cigrasp;Mozambique;Mozambique
cigrasp;Nauru;Nauru
cigrasp;Nepal;Nepal
cigrasp;Niger;Niger
cigrasp;Papua New Guinea;Papua New Guinea
cigrasp;Peru;Peru
cigrasp;Philippines;Philippines
cigrasp;Plurinational State of;Bolivia
cigrasp;Rwanda;Rwanda
cigrasp;Samoa;Samoa
cigrasp;Senegal;Senegal
cigrasp;South Africa;South Africa
cigrasp;Sri Lanka;Sri Lanka
cigrasp;St Lucia;St. Lucia
cigrasp;St Vincent and the Grenadines;Saint Vincent and the Grenadines
cigrasp;St. Lucia;St. Lucia
cigrasp;Tajikistan;Tajikistan
cigrasp;Tanzania;Tanzania
cigrasp;Thailand;Thailand
cigrasp;Tonga;Tonga
cigrasp;Tunisia;Tunisia
cigrasp;Tuvalu;Tuvalu
cigrasp;Uganda;Uganda
cigrasp;United Republic of;Tanzania
cigrasp;Uruguay;Uruguay
cigrasp;Viet Nam;Vietnam
cigrasp;Vietnam;Vietnam
cigrasp;Yemen;Yemen
cigrasp;Zambia;Zambia
cigrasp;Zimbabwe;Zimbabwe
cigrasp;null;Non-specific
psi;Algeria;Algeria
psi;Australia;Australia
psi;Austria;Austria
psi;Bangladesh;Bangladesh
psi;Brazil;Brazil
psi;Cambodia;Cambodia
psi;Canada;Canada
psi;China;China
psi;Colombia;Colombia
psi;Cote d'Ivoire;Ivory Coast
psi;Dominican Republic;Dominican Republic
psi;Ecuador;Ecuador
psi;Egypt;Egypt
psi;El Salvador;El Salvador
psi;Ethiopia;Ethiopia
psi;France;France
psi;Germany;Germany
psi;Ghana;Ghana
psi;Guatemala;Guatemala
psi;Haiti;Haiti
psi;India;India
psi;Indonesia;Indonesia
psi;Israel;Israel
psi;Italy;Italy
psi;Japan;Japan
psi;Kenya;Kenya
psi;Lao People's Democratic Republic;Laos
psi;Madagascar;Madagascar
psi;Mexico;Mexico
psi;Morocco;Morocco
psi;Mozambique;Mozambique
psi;Nepal;Nepal
psi;Nicaragua;Nicaragua
psi;Panama;Panama
psi;Peru;Peru
psi;Philippines;Philippines
psi;Romania;Romania
psi;South Africa;South Africa
psi;Spain;Spain
psi;Sudan;Sudan
psi;Switzerland;Switzerland
psi;Tanzania;Tanzania
psi;Thailand;Thailand
psi;The Netherlands;Netherlands
psi;Tunisia;Tunisia
psi;Uganda;Uganda
psi;United Arab Emirates;United Arab Emirates
psi;United Kingdom;United Kingdom
psi;United States of America;United States
psi;Viet Nam;Vietnam
psi;World;Non-specific
psi;Zambia;Zambia
climatewise;Albania;Albania
climatewise;Algeria;Algeria
climatewise;Anguilla;Anguilla
climatewise;Antigua & Barbuda;Antigua and Barbuda
climatewise;Argentina;Argentina
climatewise;Armenia;Armenia
climatewise;Bahamas;The Bahamas
climatewise;Bangladesh;Bangladesh
climatewise;Barbados;Barbados
climatewise;Belize;Belize
climatewise;Bermuda;Bermuda
climatewise;Bolivia;Bolivia
climatewise;Bosnia and Herzegovina;Bosnia and Herzegovina
climatewise;Brazil;Brazil
climatewise;Bulgaria;Bulgaria
climatewise;Burkina Faso;Burkina Faso
climatewise;Cape Verde;Cape Verde
climatewise;Cayman Islands;Cayman Islands
climatewise;Chile;Chile
climatewise;China;China
climatewise;Colombia;Colombia
climatewise;Comoros;Comoros
climatewise;Cook Islands;Cook Islands
climatewise;Costa Rica;Costa Rica
climatewise;Cuba;Cuba
climatewise;Dominican Republic;Dominican Republic
climatewise;East Timor;East Timor
climatewise;Ecuador;Ecuador
climatewise;El Salvador;El Salvador
climatewise;Ethiopia;Ethiopia
climatewise;Fiji;Fiji
climatewise;Georgia;Georgia
climatewise;Grenada;Grenada
climatewise;Guatemala;Guatemala
climatewise;Guinea-Bissau;Guinea-Bissau
climatewise;Guyana;Guyana
climatewise;Haiti;Haiti
climatewise;Honduras;Honduras
climatewise;India;India
climatewise;Indonesia;Indonesia
climatewise;Iran;Iran
climatewise;Jamaica;Jamaica
climatewise;Kazakhstan;Kazakhstan
climatewise;Kenya;Kenya
climatewise;Kiribati;Kiribati
climatewise;Macedonia;Macedonia
climatewise;Malawi;Malawi
climatewise;Maldives;Maldives
climatewise;Mali;Mali
climatewise;Marshall Islands;Marshall Islands
climatewise;Mauritius;Mauritius
climatewise;Mexico;Mexico
climatewise;Micronesia (Federated States of);Federated States of Micronesia
climatewise;Moldova;Moldova
climatewise;Mongolia;Mongolia
climatewise;Morocco;Morocco
climatewise;Nauru;Nauru
climatewise;Nepal;Nepal
climatewise;Nicaragua;Nicaragua
climatewise;Niue Islands;Niue
climatewise;Pakistan;Pakistan
climatewise;Palau;Palau
climatewise;Panama;Panama
climatewise;Papua New  Guinea;Papua New Guinea
climatewise;Papua New Guinea;Papua New Guinea
climatewise;Paraguay;Paraguay
climatewise;Peru;Peru
climatewise;Philippines;Philippines
climatewise;Romania;Romania
climatewise;Russia;Russia
climatewise;Saint Lucia;St. Lucia
climatewise;Samoa;Samoa
climatewise;Sao Tome and Principe;Sao Tome and Principe
climatewise;Senegal;Senegal
climatewise;Serbia;Serbia
climatewise;Seychelles;Seychelles
climatewise;Singapore;Singapore
climatewise;Solomon Islands;Solomon Islands
climatewise;South Africa;South Africa
climatewise;St. Kitts & Nevis;Saint Kitts and Nevis
climatewise;St. Vincent & the Grenadines;Saint Vincent and the Grenadines
climatewise;Sudan;Sudan
climatewise;Suriname;Suriname
climatewise;Tanzania;Tanzania
climatewise;Thailand;Thailand
climatewise;Timor-Leste;Timor-Leste
climatewise;Tonga;Tonga
climatewise;Trinidad & Tobago;Trinidad and Tobago
climatewise;Turkey;Turkey
climatewise;Turks & Caicos Islands;Turks & Caicos Islands
climatewise;Tuvalu;Tuvalu
climatewise;Ukraine;Ukraine
climatewise;Uruguay;Uruguay
climatewise;Vanuatu;Vanuatu
climatewise;Venezuela;Venezuela
climatewise;Viet Nam;Vietnam
oecd_riomarkers;Afghanistan;Afghanistan
oecd_riomarkers;Africa, regional;Non-specific
oecd_riomarkers;Albania;Albania
oecd_riomarkers;Algeria;Algeria
oecd_riomarkers;America, regional;Non-specific
oecd_riomarkers;Angola;Angola
oecd_riomarkers;Antigua and Barbuda;Antigua and Barbuda
oecd_riomarkers;Argentina;Argentina
oecd_riomarkers;Asia, regional;Non-specific
oecd_riomarkers;Azerbaijan;Azerbaijan
oecd_riomarkers;Bangladesh;Bangladesh
oecd_riomarkers;Barbados;Barbados
oecd_riomarkers;Belize;Belize
oecd_riomarkers;Benin;Benin
oecd_riomarkers;Bhutan;Bhutan
oecd_riomarkers;Bilateral, unspecified;Non-specific
oecd_riomarkers;Bolivia;Bolivia
oecd_riomarkers;Bosnia-Herzegovina;Bosnia and Herzegovina
oecd_riomarkers;Botswana;Botswana
oecd_riomarkers;Brazil;Brazil
oecd_riomarkers;Burkina Faso;Burkina Faso
oecd_riomarkers;Burundi;Burundi
oecd_riomarkers;Cambodia;Cambodia
oecd_riomarkers;Cameroon;Cameroon
oecd_riomarkers;Cape Verde;Cape Verde
oecd_riomarkers;Central African Rep.;Central African Republic
oecd_riomarkers;Central Asia, regional;Non-specific
oecd_riomarkers;Chad;Chad
oecd_riomarkers;Chile;Chile
oecd_riomarkers;China;China
oecd_riomarkers;Colombia;Colombia
oecd_riomarkers;Comoros;Comoros
oecd_riomarkers;Congo, Dem. Rep.;Democratic Republic of Congo
oecd_riomarkers;Congo, Rep.;Republic of the Congo
oecd_riomarkers;Cook Islands;Cook Islands
oecd_riomarkers;Costa Rica;Costa Rica
oecd_riomarkers;Cote d'Ivoire;Ivory Coast
oecd_riomarkers;Croatia;Croatia
oecd_riomarkers;Cuba;Cuba
oecd_riomarkers;Djibouti;Djibouti
oecd_riomarkers;Dominica;Dominica
oecd_riomarkers;Dominican Republic;Dominican Republic
oecd_riomarkers;Ecuador;Ecuador
oecd_riomarkers;Egypt;Egypt
oecd_riomarkers;El Salvador;El Salvador
oecd_riomarkers;Equatorial Guinea;Equatorial Guinea
oecd_riomarkers;Eritrea;Eritrea
oecd_riomarkers;Ethiopia;Ethiopia
oecd_riomarkers;Europe, regional;Europe
oecd_riomarkers;Far East Asia, regional;Non-specific
oecd_riomarkers;Fiji;Fiji
oecd_riomarkers;Gabon;Gabon
oecd_riomarkers;Gambia;The Gambia
oecd_riomarkers;Georgia;Georgia
oecd_riomarkers;Ghana;Ghana
oecd_riomarkers;Grenada;Grenada
oecd_riomarkers;Guatemala;Guatemala
oecd_riomarkers;Guinea;Republic of Guinea
oecd_riomarkers;Guinea-Bissau;Guinea-Bissau
oecd_riomarkers;Guyana;Guyana
oecd_riomarkers;Haiti;Haiti
oecd_riomarkers;Honduras;Honduras
oecd_riomarkers;India;India
oecd_riomarkers;Indonesia;Indonesia
oecd_riomarkers;Iraq;Iraq
oecd_riomarkers;Jamaica;Jamaica
oecd_riomarkers;Jordan;Jordan
oecd_riomarkers;Kazakhstan;Kazakhstan
oecd_riomarkers;Kenya;Kenya
oecd_riomarkers;Kiribati;Kiribati
oecd_riomarkers;Korea, Dem. Rep.;South Korea
oecd_riomarkers;Kosovo;Kosovo
oecd_riomarkers;Kyrgyz Republic;Kyrgyzstan
oecd_riomarkers;Laos;Laos
oecd_riomarkers;Lebanon;Lebanon
oecd_riomarkers;Lesotho;Lesotho
oecd_riomarkers;Liberia;Liberia
oecd_riomarkers;Libya;Libya
oecd_riomarkers;Macedonia, FYR;Macedonia
oecd_riomarkers;Madagascar;Madagascar
oecd_riomarkers;Malawi;Malawi
oecd_riomarkers;Malaysia;Malaysia
oecd_riomarkers;Maldives;Maldives
oecd_riomarkers;Mali;Mali
oecd_riomarkers;Marshall Islands;Marshall Islands
oecd_riomarkers;Mauritania;Mauritania
oecd_riomarkers;Mauritius;Mauritius
oecd_riomarkers;Mexico;Mexico
oecd_riomarkers;Micronesia, Fed. States;Micronesia
oecd_riomarkers;Middle East, regional;Non-specific
oecd_riomarkers;Moldova;Moldova
oecd_riomarkers;Mongolia;Mongolia
oecd_riomarkers;Montenegro;Montenegro
oecd_riomarkers;Morocco;Morocco
oecd_riomarkers;Mozambique;Mozambique
oecd_riomarkers;Myanmar;Myanmar
oecd_riomarkers;Namibia;Namibia
oecd_riomarkers;Nauru;Nauru
oecd_riomarkers;Nepal;Nepal
oecd_riomarkers;Nicaragua;Nicaragua
oecd_riomarkers;Niger;Niger
oecd_riomarkers;Nigeria;Nigeria
oecd_riomarkers;Niue;Niue
oecd_riomarkers;North & Central America, regional;Non-specific
oecd_riomarkers;North of Sahara, regional;Non-specific
oecd_riomarkers;Oceania, regional;Non-specific
oecd_riomarkers;Pakistan;Pakistan
oecd_riomarkers;Palau;Palau
oecd_riomarkers;Panama;Panama
oecd_riomarkers;Papua New Guinea;Papua New Guinea
oecd_riomarkers;Paraguay;Paraguay
oecd_riomarkers;Peru;Peru
oecd_riomarkers;Philippines;Philippines
oecd_riomarkers;Rwanda;Rwanda
oecd_riomarkers;Samoa;Samoa
oecd_riomarkers;Sao Tome & Principe;Sao Tome and Principe
oecd_riomarkers;Senegal;Senegal
oecd_riomarkers;Serbia;Serbia
oecd_riomarkers;Seychelles;Seychelles
oecd_riomarkers;Sierra Leone;Sierra Leone
oecd_riomarkers;Solomon Islands;Solomon Islands
oecd_riomarkers;Somalia;Somalia
oecd_riomarkers;South & Central Asia, regional;Non-specific
oecd_riomarkers;South Africa;South Africa
oecd_riomarkers;South America, regional;Non-specific
oecd_riomarkers;South Asia, regional;Non-specific
oecd_riomarkers;South Sudan;The Republic of South Sudan
oecd_riomarkers;South of Sahara, regional;Non-specific
oecd_riomarkers;Sri Lanka;Sri Lanka
oecd_riomarkers;St. Helena;St. Helena
oecd_riomarkers;St. Kitts-Nevis;Saint Kitts and Nevis
oecd_riomarkers;St. Lucia;St. Lucia
oecd_riomarkers;St.Vincent & Grenadines;Saint Vincent and the Grenadines
oecd_riomarkers;Sudan;Sudan
oecd_riomarkers;Suriname;Suriname
oecd_riomarkers;Syria;Syria
oecd_riomarkers;Tajikistan;Tajikistan
oecd_riomarkers;Tanzania;Tanzania
oecd_riomarkers;Thailand;Thailand
oecd_riomarkers;Timor-Leste;Timor-Leste
oecd_riomarkers;Togo;Togo
oecd_riomarkers;Tokelau;Tokelau
oecd_riomarkers;Tonga;Tonga
oecd_riomarkers;Trinidad and Tobago;Trinidad and Tobago
oecd_riomarkers;Tunisia;Tunisia
oecd_riomarkers;Turkey;Turkey
oecd_riomarkers;Turkmenistan;Turkmenistan
oecd_riomarkers;Tuvalu;Tuvalu
oecd_riomarkers;Uganda;Uganda
oecd_riomarkers;Ukraine;Ukraine
oecd_riomarkers;Uruguay;Uruguay
oecd_riomarkers;Uzbekistan;Uzbekistan
oecd_riomarkers;Vanuatu;Vanuatu
oecd_riomarkers;Venezuela;Venezuela
oecd_riomarkers;Vietnam;Vietnam
oecd_riomarkers;West Bank & Gaza Strip;West Bank & Gaza Strip
oecd_riomarkers;West Indies, regional;Non-specific
oecd_riomarkers;Yemen;Yemen
oecd_riomarkers;Zambia;Zambia
oecd_riomarkers;Zimbabwe;Zimbabwe
climatefundsupdate;Afghanistan;Afghanistan
climatefundsupdate;Albania;Albania
climatefundsupdate;Angola;Angola
climatefundsupdate;Argentina;Argentina
climatefundsupdate;Azerbaijan;Azerbaijan
climatefundsupdate;Bangladesh;Bangladesh
climatefundsupdate;Benin;Benin
climatefundsupdate;Bhutan;Bhutan
climatefundsupdate;Bolivia;Bolivia
climatefundsupdate;Burkina Faso;Burkina Faso
climatefundsupdate;Burundi;Burundi
climatefundsupdate;Cambodia;Cambodia
climatefundsupdate;Cameroon;Cameroon
climatefundsupdate;Cape Verde;Cape Verde
climatefundsupdate;Central African Republic;Central African Republic
climatefundsupdate;Chad;Chad
climatefundsupdate;China;China
climatefundsupdate;Colombia;Colombia
climatefundsupdate;Comoros;Comoros
climatefundsupdate;Cook Islands;Cook Islands
climatefundsupdate;Democratic Republic of Congo;Democratic Republic of Congo
climatefundsupdate;Djibouti;Djibouti
climatefundsupdate;Dominica;Dominica
climatefundsupdate;Ecuador;Ecuador
climatefundsupdate;Egypt;Egypt
climatefundsupdate;Equatorial Guinea;Equatorial Guinea
climatefundsupdate;Eritrea;Eritrea
climatefundsupdate;Ethiopia;Ethiopia
climatefundsupdate;Gambia;The Gambia
climatefundsupdate;Georgia;Georgia, US
climatefundsupdate;Ghana;Ghana
climatefundsupdate;Global;Non-specific
climatefundsupdate;Grenada;Grenada
climatefundsupdate;Guatemala;Guatemala
climatefundsupdate;Guinea;Republic of Guinea
climatefundsupdate;Guinea-Bissau;Guinea-Bissau
climatefundsupdate;Guyana;Guyana
climatefundsupdate;Haiti;Haiti
climatefundsupdate;Honduras;Honduras
climatefundsupdate;India;India
climatefundsupdate;Indonesia;Indonesia
climatefundsupdate;Jamaica;Jamaica
climatefundsupdate;Jordan;Jordan
climatefundsupdate;Kenya;Kenya
climatefundsupdate;Kiribati;Kiribati
climatefundsupdate;Kyrgyzstan;Kyrgyzstan
climatefundsupdate;Lao PDR;Laos
climatefundsupdate;Lebanon;Lebanon
climatefundsupdate;Lesotho;Lesotho
climatefundsupdate;Liberia;Liberia
climatefundsupdate;Madagascar;Madagascar
climatefundsupdate;Malawi;Malawi
climatefundsupdate;Maldives;Maldives
climatefundsupdate;Mali;Mali
climatefundsupdate;Mauritania;Mauritania
climatefundsupdate;Mauritius;Mauritius
climatefundsupdate;Mexico;Mexico
climatefundsupdate;Moldova;Moldova
climatefundsupdate;Mongolia;Mongolia
climatefundsupdate;Morocco;Morocco
climatefundsupdate;Mozambique;Mozambique
climatefundsupdate;Myanmar;Myanmar
climatefundsupdate;Namibia;Namibia
climatefundsupdate;Nepal;Nepal
climatefundsupdate;Nicaragua;Nicaragua
climatefundsupdate;Niger;Niger
climatefundsupdate;Pakistan;Pakistan
climatefundsupdate;Papua New Guinea;Papua New Guinea
climatefundsupdate;Philippines;Philippines
climatefundsupdate;Regional;Non-specific
climatefundsupdate;Regional - Europe and Central Asia;Non-specific
climatefundsupdate;Regional - Latin America and Caribean;Non-specific
climatefundsupdate;Regional - Pacific;Non-specific
climatefundsupdate;Rwanda;Rwanda
climatefundsupdate;Samoa;Samoa
climatefundsupdate;Sao Tome and Principe;Sao Tome and Principe
climatefundsupdate;Senegal;Senegal
climatefundsupdate;Sierra Leone;Sierra Leone
climatefundsupdate;Solomon Islands;Solomon Islands
climatefundsupdate;Somalia;Somalia
climatefundsupdate;South Africa;South Africa
climatefundsupdate;Sri Lanka;Sri Lanka
climatefundsupdate;St Lucia;St. Lucia
climatefundsupdate;St Vincent & Grenadine;Saint Vincent and the Grenadines
climatefundsupdate;Sudan;Sudan
climatefundsupdate;Swaziland;Swaziland
climatefundsupdate;Tajikistan;Tajikistan
climatefundsupdate;Tanzania;Tanzania
climatefundsupdate;Thailand;Thailand
climatefundsupdate;Timor Leste;Timor-Leste
climatefundsupdate;Togo;Togo
climatefundsupdate;Tonga;Tonga
climatefundsupdate;Tunisia;Tunisia
climatefundsupdate;Turkmenistan;Turkmenistan
climatefundsupdate;Tuvalu;Tuvalu
climatefundsupdate;Uganda;Uganda
climatefundsupdate;Unknown;Non-specific
climatefundsupdate;Uruguay;Uruguay
climatefundsupdate;Vanuatu;Vanuatu
climatefundsupdate;Vietnam;Vietnam
climatefundsupdate;Yemen;Yemen
climatefundsupdate;Zambia;Zambia
climatefundsupdate;Zimbabwe;Zimbabwe
napa;;Non-specific
napa;Afghanistan;Afghanistan
napa;Bangladesh;Bangladesh
napa;Benin;Benin
napa;Bhutan;Bhutan
napa;Burkina Faso;Burkina Faso
napa;Burundi;Burundi
napa;Cambodia;Cambodia
napa;Cape Verde;Cape Verde
napa;Central African Republic;Central African Republic
napa;Chad;Chad
napa;Comoros;Comoros
napa;Democratic Republic of Congo;Democratic Republic of Congo
napa;Djibouti;Djibouti
napa;Eritrea;Eritrea
napa;Ethiopia;Ethiopia
napa;Gambia;The Gambia
napa;Guinea;Republic of Guinea
napa;Guinea-Bissau;Guinea-Bissau
napa;Haiti;Haiti
napa;Kiribati;Kiribati
napa;Lao PDR;Laos
napa;Lesotho;Lesotho
napa;Liberia;Liberia
napa;Madagascar;Madagascar
napa;Malawi;Malawi
napa;Maldives;Maldives
napa;Mali;Mali
napa;Mauritania;Mauritania
napa;Mozambique;Mozambique
napa;Nepal;Nepal
napa;Niger;Niger
napa;Rwanda;Rwanda
napa;Samoa;Samoa
napa;Sao Tome e Principe;Sao Tome and Principe
napa;Senegal;Senegal
napa;Sierra Leone;Sierra Leone
napa;Solomon Islands;Solomon Islands
napa;Somalia;Somalia
napa;Sudan;Sudan
napa;Tanzania;Tanzania
napa;Timor-Leste;Timor-Leste
napa;Togo;Togo
napa;Tuvalu;Tuvalu
napa;Uganda;Uganda
napa;Vanuatu;Vanuatu
napa;Yemen;Yemen
napa;Zambia;Zambia
